Company,Award Title,Agency,Branch,Phase,Program,Award Amount,Number Employees,Company Website,City,State,Zip
EnergyEne Inc.,Enhanced Radiation Attenuation Medical Gloves,Department of Agriculture,,Phase I,SBIR,"$99,914.00 ",3,,Wooster,OH,44691-9665
LARAD Inc.,Virus-like-particle (VLP) vaccine for chicken infectious anemia.,Department of Agriculture,,Phase II,SBIR,"$486,675.00 ",4,,Wooster,OH,44691-4346
SENSOR DEVELOPMENT CORPORATION,"A New Nano-Based Detector for the Indian Meal Moth, Both Adult Insects and Larva",Department of Agriculture,,Phase II,SBIR,"$600,000.00 ",5,,Rocky River,OH,44116-3747
"OHIO WILLOW WOOD COMPANY, THE",The Bimodal Ankle: Development and Engineering Validation of a Hydraulic Actuator,Department of Health and Human Services,,Phase I,SBIR,"$99,925.00 ",,,Mt. Sterling,OH,43143-9036
AEIOU Scientific LLC,Development and validation of a novel non-invasive device for measuring the mechanical properties of cortical bone,Department of Health and Human Services,,Phase I,SBIR,"$477,486.00 ",,,Columbus,OH,43205-2016
ASYMMETRIC TECHNOLOGIES LLC,Variable Flux Machines for Hybrid Electric Vehicles,Department of Energy,,Phase I,STTR,"$149,824.84 ",20,,Columbus,OH,43212-2859
"Allinaire Therapeutics, LLC",Humanized EMAP II mAb as a Novel Therapy for Viral-Associated Lung Injury,Department of Health and Human Services,,Phase I,STTR,"$281,155.00 ",,,Cleveland,OH,44122-5344
"Centerline Biomedical, Inc.","3D Holographic Guidance, Navigation, and Control (3D GN&amp;C) for Endovascular Aortic Repair (EVAR)",Department of Health and Human Services,,Phase I,STTR,"$223,868.00 ",,,Cleveland,OH,44106-2119
"AWAREABILITY TECHNOLOGIES, LLC",SBIR Phase I: Wide Bandgap Semiconductor Betavoltaic Powered Sensor Controller,National Science Foundation,,Phase I,SBIR,"$223,756.00 ",4,,Columbus,OH,43212
"AWAREABILITY TECHNOLOGIES, LLC",Intelligent III-V GaN based neutron flux detector array,Department of Energy,,Phase I,SBIR,"$149,950.00 ",6,,Columbus,OH,43212-1180
DeNovoTherapies LLC,"A Novel, Non-Cytotoxic, Epigenetic Therapeutic for Sickle Cell Disease",Department of Health and Human Services,,Phase II,SBIR,"$750,000.00 ",,,Shaker Heights,OH,44118-4946
BehaviorCloud LLC,Device for real-time streaming of preclinical research data into a central cloud-based platform,Department of Health and Human Services,,Phase I,SBIR,"$220,420.00 ",,,Columbus,OH,43085-4719
Mercury Biomed LLC ,Testing and Commercialization of a Superior Device to Maintain Perioperative Normothermia In Anesthetized Patients,Department of Health and Human Services,,Phase II,STTR,"$978,894.00 ",,,Cleveland,OH,44124-6501
"Perfusion Solutions, Inc.",Non Obstructive Right Assist Device (NORAD) for Chronic Right Heart Assist,Department of Health and Human Services,,Phase I,SBIR,"$224,947.00 ",,,Cleveland,OH,44106-2130
"SUJANA BIOTECH, LLC ",Selective Inhibition of Platelet GPIb-alpha Binding to Leukocyte Mac-1 as a Therapeutic for Multiple Sclerosis,Department of Health and Human Services,,Phase I,SBIR,"$219,029.00 ",,,Cleveland,OH,44122-5344
"GLC Biotechnology, Inc.",Development of a novel liquid biopsy test to assist targeted MSI-H cancer treatment,Department of Health and Human Services,,Phase I,SBIR,"$225,000.00 ",,,Solon,OH,44139-5681
Bertec Corporation,Making Standing Balance The Fifth Vital Sign in Clinical Settings,Department of Health and Human Services,,Phase I,STTR,"$275,801.00 ",,,Columbus,OH,43229-1047
"P2D, INC",A first-in-class orally active anti-TNF-alpha inhibitor to treat AD,Department of Health and Human Services,,Phase II,SBIR,"$337,833.00 ",,,Cincinnati,OH,45219-2399
Great Lakes Neurotechnologies Inc.,ParkinPal: Patient-Centered PD Ambulatory Monitoring System,Department of Health and Human Services,,Phase I,SBIR,"$224,655.00 ",,,Cleveland,OH,44125-4245
BIOINVISION INC.,Cancer Imaging and Therapy Analysis Platform (CITAP),Department of Health and Human Services,,Phase II,SBIR,"$817,362.00 ",,,Cleveland,OH,44143-2360
"Centerline Biomedical, Inc.",4D Holographic Guidance for Transfemoral Aortic Valve Replacement (TAVR),Department of Health and Human Services,,Phase I,SBIR,"$224,904.00 ",,,Cleveland,OH,44106-2119
CuronBiotech Inc,AML differentiation therapy,Department of Health and Human Services,,Phase I,SBIR,"$223,080.00 ",,,Shaker Heights,OH,44118-4946
BIOINVISION INC.,System-independent quantitative cardiac CT perfusion,Department of Health and Human Services,,Phase I,STTR,"$224,240.00 ",,,Cleveland,OH,44143-2360
Bertec Corporation,Portable Device to Deliver Vestibular Rehabilitation,Department of Defense,Defense Health Program,Phase I,SBIR,"$149,887.00 ",36,,Columbuws,OH,43229
"COLUMBUS NANOWORKS, INC.",Enzymatic attachment of proteins to fluorescent nanodiamond surfaces.,Department of Health and Human Services,,Phase I,STTR,"$225,000.00 ",,,Columbus,OH,43212-1178
"NeoView, Inc.",A novel RF coil and incubator for reducing acoustic noise in neonatal MRI,Department of Health and Human Services,,Phase I,STTR,"$150,000.00 ",,,Cincinnati,OH,45203
Great Lakes Neurotechnologies Inc.,DiSCERN: Advanced PD Therapy Candidacy and Evaluation System,Department of Health and Human Services,,Phase I,SBIR,"$219,501.00 ",,,Cleveland,OH,44125-4245
"NERVIVE, INC.","Early Feasibility Clinical Study of the VitalFlow Stimulator, an Emergency Treatment for Ischemic Stroke",Department of Health and Human Services,,Phase II,SBIR,"$1,486,705.00 ",,,Akron,OH,44311-4403
"LUMITEX, INC.",Non-Invasive Intraoral LED Phototherapy Device for the Prevention and Treatment of Oral Mucositis,Department of Health and Human Services,,Phase II,SBIR,"$669,673.00 ",,,Strongsville,OH,44136-1759
Core Quantum Technologies,SBIR Phase I: Magnetic Quantum Dots for Cell Separation and Characterization,National Science Foundation,,Phase I,SBIR,"$225,000.00 ",1,,Columbus,OH,43212
Global Research and Development Inc.,Oxygen Production and Delivery on Demand,Department of Defense,Defense Health Program,Phase I,STTR,"$150,000.00 ",5,,Columbus,OH,43228
"Med-Compliance IQ, Inc.",Burn IQ: Predicting Burn Wound Depth to Improve Care for Burn Patients,Department of Health and Human Services,,Phase I,SBIR,"$225,000.00 ",,,Powell,OH,43065-8194
PediaStent LLC,SBIR TOPIC 096: Novel Biodegradable Metal Stents for Neonatal Aortic Coarctation,Department of Health and Human Services,National Institutes of Health,Phase II,SBIR,"$2,999,279.00 ",,,Cleveland,OH,00004-4106
MATERIALS ENGINEERING AND TECHNICAL SUPPORT SERVICES CORP.,Replacements for PVC and PE Water Pipes,Environmental Protection Agency,,Phase I,SBIR,"$98,524.00 ",20,http://www.metss.com,Westerville,OH,43082
MATERIALS ENGINEERING AND TECHNICAL SUPPORT SERVICES CORP.,Decontamination of Category A Viruses on Porous Surfaces and Sensitive Equipment,Environmental Protection Agency,,Phase I,SBIR,"$99,212.00 ",20,http://www.metss.com,Westerville,OH,43082
"Applied Optimization, Inc",Extensible Modeling to Create Knowledgebase for AM Processing of Alloy GrCop-84,National Aeronautics and Space Administration,,Phase I,STTR,"$124,995.00 ",33,,Fairborn,OH,45324-6272
Global Research and Development Inc.,Oxygen Separation with Dual Phase Nano-Composite Membrane,Department of Energy,,Phase II,SBIR,"$1,000,000.00 ",5,,Columbus,OH,43228-2412
"Spectral Energies, LLC",Novel Methodology for the Rapid Acoustic Optimization of Supersonic Multi-Stream 3D Nozzles,National Aeronautics and Space Administration,,Phase I,SBIR,"$124,332.00 ",34,http://www.spectralenergies.com,Dayton,OH,45430-1062
"Cornerstone Research Group, Incorporated",Automated In-Process Quality Control of Recycled Filament Production and FDM Printers,National Aeronautics and Space Administration,,Phase I,SBIR,"$124,990.00 ",64,http://www.CRGrp.com,Miamisburg,OH,45342-6411
"Cornerstone Research Group, Incorporated",C/C Manufacturing with MG Resin and 3D Preforms,National Aeronautics and Space Administration,,Phase I,SBIR,"$124,993.00 ",64,http://www.CRGrp.com,Miamisburg,OH,45342-6411
Global Research and Development Inc.,Additive Manufacturing of Scalable 3D Resonators,Department of Energy,,Phase I,STTR,"$150,000.00 ",5,,columbus,OH,43228-2412
"ALPHAMICRON, INC.",Electronic Tint on Demand for EVVA,National Aeronautics and Space Administration,,Phase I,SBIR,"$114,137.00 ",28,http://www.alphamicron.com,Kent,OH,44240-9200
"Faraday Technology, Inc. ",Robust FARADAYIC CNT Based Coating for Scattered Light Suppression,National Aeronautics and Space Administration,,Phase I,SBIR,"$124,994.00 ",200,http://www.faradaytechnology.com,Englewood,OH,45315-8983
"Powdermet, Inc.","High Temperature, High Energy Density and High Efficiency Capacitors for Aerospace Exploration",National Aeronautics and Space Administration,,Phase I,SBIR,"$123,702.00 ",9,,Euclid,OH,44117-1252
AK Circuit Corporation,Autonomous Modular Digital Controllers for Long Duration Space Flights,National Aeronautics and Space Administration,,Phase I,SBIR,"$108,125.00 ",4,,Canfield,OH,44406-0000
UNIVERSAL TECHNOLOGY CORPORATION,In-Situ Fringe Pattern Profilometry for Feed-Forward Process Control,National Aeronautics and Space Administration,,Phase I,SBIR,"$124,990.00 ",240,http://www.utcdayton.com,Dayton,OH,45432-2600
"Cornerstone Research Group, Incorporated",Multifunctional Self-Aligning Reversible Joint Using Space-Qualifiable Structural Fasteners,National Aeronautics and Space Administration,,Phase II,SBIR,"$754,891.00 ",65,,Miamisburg,OH,45342-6411
"Cornerstone Research Group, Incorporated","Single-Process, Unitized, Composite Fuselage",National Aeronautics and Space Administration,,Phase II,SBIR,"$754,944.00 ",65,,Miamisburg,OH,45342-6411
HNB Therapeutics LLC ,Nanofiber Expanded CD34+ Stem Cells for Osteoporosis Therapy,Department of Health and Human Services,,Phase I,STTR,"$224,999.00 ",,,Columbus,OH,43214-2120
Applied Sciences,Pyramid Nanostructured Coatings for Stray Light Suppression,National Aeronautics and Space Administration,,Phase II,SBIR,"$749,762.00 ",10,,Cedarville,OH,45314-0579
"Ultra Tech Machinery, Inc.",ISS Multi-Material Fabrication Laboratory Using Ultrasonic Additive Manufacturing Technology,National Aeronautics and Space Administration,,Phase II,SBIR,"$742,793.00 ",65,,Cuyahoga Falls,OH,44223-3701
"Faraday Technology, Inc. ",Next Generation Water Recovery for a Sustainable Closed Loop Living,National Aeronautics and Space Administration,,Phase II,STTR,"$749,290.00 ",200,http://www.faradaytechnology.com,Englewood,OH,45315-8983
"Guild Associates, Inc. DBA Guild Biosciences",Immobilized Enzyme Additive Package for Plant-Based Finfish Aquaculture Feed,Department of Commerce,National Oceanic and Atmospheric Administration,Phase I,SBIR,"$119,983.84 ",70,,Dublin,OH,43016-1234
"D'Angelo Technologies, LLC",Single Surface High Altitude Low Opening Parachute,Department of Defense,Navy,Phase I,SBIR,"$225,000.00 ",12,,Beavercreek,OH,45434
"REDWALL TECHNOLOGIES, LLC",Redwall Mobile Resilient Operating System With Multi-Level Security,Department of Defense,Navy,Phase I,SBIR,"$219,611.00 ",9,http://www.redwall.us,Beavercreek,OH,45434
"361 Interactive, Llc",GECKOSGenerating Employee Crowdsourced Knowledge for Organizational Solutions,Department of Defense,Navy,Phase I,SBIR,"$224,820.00 ",9,,Springboro,OH,45066
BGI LLC,Landing Signal Officer- Data Analysis Toolkit (LSO-DAT),Department of Defense,Navy,Phase II,SBIR,"$749,972.00 ",230,http://www.bgi-llc.com,Akron,OH,44311
POLYMERPLUS LLC ,Development and Processing of Dielectric Films for Application in Large Wound Capacitors,Department of Defense,Navy,Phase II,SBIR,"$500,000.00 ",9,http://www.polymerplus.net,Valley View,OH,44125
UNIVERSAL TECHNOLOGY CORPORATION,"Acquisition, Control, and Visualization Platform for Occupancy Sensing and Related Smart Building Technologies",Department of Defense,Air Force,Phase I,SBIR,"$149,960.00 ",215,http://www.utcdayton.com/,Dayton,OH,45432
UNIVERSAL TECHNOLOGY CORPORATION,The Hexahedralization Sensation,Department of Defense,Air Force,Phase I,SBIR,"$150,000.00 ",215,http://www.utcdayton.com/,Dayton,OH,45432
"Spectral Energies, LLC",Die Extraction and Reassembly of Hybrid Photonic Integrated Circuits,Department of Defense,Air Force,Phase I,SBIR,"$149,682.00 ",34,http://www.spectralenergies.com,Dayton,OH,45431
"Etegent Technologies, Ltd.",Cognitive Approaches to Integrated Intelligence Production,Department of Defense,Air Force,Phase II,SBIR,"$1,499,695.00 ",25,http://www.etegent.com,Cincinnati,OH,45212
"Innovative Scientific Solutions, Inc.",Arc jet Test-Article Surface Recession Rate Monitor,Department of Defense,Air Force,Phase II,SBIR,"$400,000.00 ",100,http://www.innssi.com,Dayton,OH,45459
RENAISSANCE SERVICES,Additive Manufacturing Technique for Replacement of Complex Castings,Department of Defense,Air Force,Phase II,SBIR,"$744,381.00 ",22,http://www.ren-services.com,Fairborn,OH,45324
"Skyward, Ltd.",Rapid Assessment of Structural Vulnerability,Department of Defense,Air Force,Phase II,SBIR,"$749,996.00 ",14,http://www.skywardltd.com,Dayton,OH,45431
"Spectral Energies, LLC","High-Speed Measurements of Flame-Stabilization Processes in Vitiated Augmentor Environments for Understanding Screech, Rumble, and Blowoff",Department of Defense,Air Force,Phase II,SBIR,"$749,781.00 ",34,http://www.spectralenergies.com,Dayton,OH,45431
Applied Sciences,Intercalated Carbon Microfibers for Broadband Visible-IR Obscuration,Department of Defense,Army,Phase II,SBIR,"$506,133.34 ",10,http://www.apsci.com,Cedarville,OH,45314
"HYPER TECH RESEARCH, INC.",Advanced Rotor Coils for Conduction Cooled Superconducting Multi-Megawatt Motors for Aircraft Propulsion,National Aeronautics and Space Administration,,Phase I,SBIR,"$124,994.00 ",13,,Columbus,OH,43228-2412
"AMERICAN TECHNICAL COATINGS, INC.",Lightweight Bullet and Fragment Impact Protection for Mobile Missile Launcher,Department of Defense,Army,Phase II,SBIR,"$586,731.80 ",9,,Westlake,OH,44145
"Cornerstone Research Group, Incorporated",Flying Missile Rail and High-Rate Production,Department of Defense,Defense Advanced Research Projects Agency,Phase I,SBIR,"$229,701.10 ",76,,Dayton,OH,45440
MV Innovative Technologies LLC (DBA: Opt,Additional Tasks of Opportunity for Evaluation of the Impact of Beam Control for OpticalPhased Array Transceivers for Laser Power Beaming Enhancement (LPBE),Department of Defense,Defense Advanced Research Projects Agency,Phase II,SBIR,"$2,199,870.00 ",15,,Dayton,OH,45402
"Hays, Inc. ",Selective Aortic Arch Perfusion Technologies for Hemorrhage-induced Cardiac Arrest,Department of Defense,Defense Health Program,Phase II,SBIR,"$999,234.00 ",3,,Toledo,OH,43615
"HYPER TECH RESEARCH, INC.",Low AC-Loss Superconducting Cable Technology for Electric Aircraft Propulsion,National Aeronautics and Space Administration,,Phase II,SBIR,"$749,998.00 ",13,,Columbus,OH,43228-2412
Nu Waves Ltd.,S-Band Transmit/Receive Module Advancements for Efficient Radars (STRAFE),Department of Defense,Navy,Phase I,SBIR,"$124,960.00 ",59,http://www.nuwaves.com,Middletown,OH,45044
"Nextech Materials, Ltd.","Compact, Lightweight, Power-Dense, Integrated Fuel Cell System",Department of Defense,Navy,Phase I,SBIR,"$124,999.00 ",40,http://www.nexceris.com,Lewis Center,OH,43035
BGI LLC,Data Science Driven Aircrew Performance Measurement and Proficiency System,Department of Defense,Navy,Phase I,SBIR,"$124,921.00 ",257,http://www.bgi-llc.com,Akron,OH,44311
MATERIALS ENGINEERING AND TECHNICAL SUPPORT SERVICES CORP.,Surface Ship Fat Line Towed Array Cut-Resistant Vibration Isolation Module (VIM) Hose,Department of Defense,Navy,Phase I,SBIR,"$124,159.00 ",20,http://www.metss.com,Westerville,OH,43082
"Applied Optimization, Inc",Feed-Forward Controls for Laser Powder Bed Fusion Based Metal Additive Manufacturing,Department of Defense,Navy,Phase I,SBIR,"$125,000.00 ",32,http://www.appliedO.com,Fairborn,OH,45324
"HYPER TECH RESEARCH, INC.",A Novel Way to Dope TI in Nb3Sn Conductor to Reduce A15 Grain Size and Non-Cu Critical Current at High Fields,Department of Energy,,Phase II,SBIR,"$999,998.00 ",13,,Columbus,OH,43228-2412
MV Innovative Technologies LLC (DBA: Opt,Test Article Printing with Laser Additive Manufacturing (TAP-LAM) for Threat Surrogate Target Production,Department of Defense,Missile Defense Agency,Phase I,STTR,"$99,932.00 ",16,http://www.optonicus.com,Dayton,OH,45402
MRL MATERIALS RESOURCES LLC,Additive Manufacturing of Metallic Materials for High Strain Rate Applications,Department of Defense,Missile Defense Agency,Phase I,STTR,"$104,990.00 ",12,http://www.icmrl.net,Dayton,OH,45402
Terves Inc.,Lightweight Magnesium Components of a Missile Body,Department of Defense,Missile Defense Agency,Phase I,STTR,"$99,999.00 ",24,http://www.tervesinc.com,Euclid,OH,44117
"Spectral Energies, LLC",Compact Thermal Management System for Laser Systems,Department of Defense,Navy,Phase I,STTR,"$129,709.00 ",34,,Dayton,OH,45431
MV Innovative Technologies LLC (DBA: Opt,Laser Additive Manufacturing of Seven Thousand Series Aluminum Aircraft Components (LAM-STAAC),Department of Defense,Navy,Phase I,STTR,"$124,913.00 ",14,,Dayton,OH,45402
MV Innovative Technologies LLC (DBA: Opt,Control &amp; Optimization of Multiple Illumination Characteristics (COMIC) of A Pulsed Fiber Array Laser System For Active Imaging Through Fog,Department of Defense,Navy,Phase I,STTR,"$124,911.00 ",14,,Dayton,OH,45402
MRL MATERIALS RESOURCES LLC,High Throughput Static and Dynamic Testing of AM Materials for Uncertainty Quantification and Qualification,Department of Defense,Navy,Phase I,STTR,"$124,762.00 ",11,,Dayton,OH,45402
UNIVERSAL TECHNOLOGY CORPORATION,Proactive Risk Monitoring Using Predictive Analytics,Department of Defense,Missile Defense Agency,Phase II,STTR,"$992,341.00 ",240,http://www.utcdayton.com/,Dayton,OH,45432
MV Innovative Technologies LLC (DBA: Opt,Wide-Area Laser Additive Manufacturing in Metals with Adaptive Beam Shaping (WALAM-ABS),Department of Defense,Navy,Phase II,STTR,"$999,931.00 ",14,,Dayton,OH,45402
"Matrix Research, Inc",Small Munitions Advanced Seeker Handoff (SMASH),Department of Defense,Air Force,Phase I,SBIR,"$149,849.00 ",67,http://www.matrixresearch.com,Dayton,OH,45432
"HYPER TECH RESEARCH, INC.","High Radiation Resistant, Low Cost Superconducting Strands for Fusion Magnet Applications",Department of Energy,,Phase I,SBIR,"$150,000.00 ",13,,Columbus,OH,43228-2414
"AMERICAN TECHNICAL COATINGS, INC.",High Temperature Materials for Hypersonic Radomes and Antennas,Department of Defense,Air Force,Phase I,STTR,"$149,992.00 ",9,,Westlake,OH,44145
"Spectral Energies, LLC","Robust-Mode Analysis, Reduced-Order Modeling, and Intelligent Control Strategies for Reacting and Non-Reacting Flows",Department of Defense,Air Force,Phase II,STTR,"$749,977.00 ",34,,Dayton,OH,45431
"Spectral Energies, LLC",An Immersed Boundary Framework for Topology Optimization of Nonlinear Thermoelastic Structures with Internal Radiation,Department of Defense,Air Force,Phase II,STTR,"$749,381.00 ",34,,Beavercreek,OH,45430
"Spectral Energies, LLC",KHz-MHz Rate Laser-Based Tracking of Particles and Product Gases for Multiphase Blast,Department of Defense,Air Force,Phase II,STTR,"$749,936.00 ",34,,Dayton,OH,45431
"Cornerstone Research Group, Incorporated",Power and Propulsion System Optimization,Department of Defense,Navy,Phase I,STTR,"$129,888.00 ",71,,Miamisburg,OH,45342
"D'Angelo Technologies, LLC",Advanced Ship-handling Simulators,Department of Defense,Navy,Phase I,STTR,"$125,000.00 ",10,,Beavercreek,OH,45434
MRL MATERIALS RESOURCES LLC,Quantifying Uncertainty in the Mechanical Performance of Additively Manufactured Parts Due to Material and Process Variation,Department of Defense,Navy,Phase II,STTR,"$294,512.00 ",10,,Dayton,OH,45402
UNIVERSAL TECHNOLOGY CORPORATION,Additive Manufacturing Sensor Fusion Technologies for Process Monitoring and Control.,Department of Defense,Defense Logistics Agency,Phase I,STTR,"$99,989.00 ",215,http://www.utcdayton.com/,Dayton,OH,45432
Unveil LLC,Principled Design of an Augmented Reality Trainer for Medics,Department of Defense,Defense Health Program,Phase II,STTR,"$493,228.00 ",7,http://www.unveilsystems.com,Cincinnati,OH,45212
"PRIXARC, LLC",Flexible Conformal Ultrasound Arrays for Imaging and Modulation,Department of Defense,Defense Advanced Research Projects Agency,Phase I,SBIR,"$229,859.17 ",4,,Beavercreek,OH,45431
"LEADSCOPE, INC.",Rapid response toxicology prediction platform,Department of Health and Human Services,,Phase II,SBIR,"$612,360.00 ",,,Columbus,OH,43215-1084
"Cornerstone Research Group, Incorporated","510 Earl Boulevard, Miamisburg, OH 45342",Department of Defense,Defense Health Program,Phase I,SBIR,"$149,989.00 ",71,,"Miamisburg,",OH,45342
UNIVERSAL TECHNOLOGY CORPORATION,Additive Manufacturing Process Monitoring and Control Technologies,Department of Defense,Defense Logistics Agency,Phase I,SBIR,"$99,990.00 ",215,,Dayton,OH,45432
"Spectral Energies, LLC",Computerized Robotic Delayering and Polishing System,Department of Defense,Defense Microelectronics Activity,Phase I,SBIR,"$149,649.00 ",34,,Dayton,OH,45431
"Spectral Energies, LLC",High Performance MEMS Inertial Measurement Unit for Missile Systems,Department of Defense,Missile Defense Agency,Phase I,SBIR,"$149,744.00 ",28,,Dayton,OH,45431
"Powdermet, Inc.",Load Bearing Thermal Protection Structure for Hypersonic Flight,Department of Defense,Defense Advanced Research Projects Agency,Phase II,SBIR,"$1,501,698.00 ",26,,Euclid,OH,44117
"SPR THERAPEUTICS, INC.",Development of a Specialized Miniature Stimulator System for Non-Opioid Pain Relief,Department of Defense,Defense Health Program,Phase II,SBIR,"$980,968.00 ",33,,Cleveland,OH,44122
"Cornerstone Research Group, Incorporated",eHealth Monitoring Garment with Distributive Sensing,Department of Defense,Defense Health Program,Phase II,SBIR,"$999,901.00 ",71,,Miamisburg,OH,45342
"Innovision, LLC",Dynamic Avatars with Complete Articulated Anatomy (DACAA),Department of Defense,Defense Health Program,Phase II,SBIR,"$999,884.00 ",3,,Dayton,OH,45459
"GUILD ASSOCIATES, INC.",Pathogen-specific and serotype-independent antibody reagents for diagnosis of Shigella spp. and non-typhoidal Salmonella,Department of Defense,Defense Health Program,Phase II,SBIR,"$999,976.00 ",74,,Dublin,OH,43017
"Spectral Energies, LLC",High Bandwidth Optical Sensor for Time Resolved Detection of Multiple Species Related to Explosives and Detonations,Department of Defense,Defense Threat Reduction Agency,Phase II,SBIR,"$746,461.00 ",28,,Dayton,OH,45431
"Etegent Technologies, Ltd.",Low-Shot Detection in Remote Sensing Imagery,Department of Defense,National Geospatial-Intelligence Agency,Phase II,SBIR,"$999,865.00 ",24,,Cincinnati,OH,45212
"FRONTIER TECHNOLOGY, INC",Cost Estimating Relationships for Evaluation of Rapidly Evolving Technologies,Department of Defense,Air Force,Phase I,SBIR,"$149,999.00 ",199,http://www.fti-net.com,Beavercreek,OH,45431
DEFENSE ENGINEERING CORPORATION,Cost Estimating Relationships for Evaluation of Rapidly Evolving Technologies,Department of Defense,Air Force,Phase I,SBIR,"$149,492.00 ",24,http://www.defengcorp.com,Beavercreek,OH,45440
"BLUE CRANIUM, LLC",Leveraging Emerging Satellite Constellations for Air Force Applications,Department of Defense,Air Force,Phase I,SBIR,"$148,701.00 ",12,http://comsat-architects.com,Rocky River,OH,44116
"Etegent Technologies, Ltd.",Threat Detection Using Artificial Intelligence and Machine Learning,Department of Defense,Air Force,Phase I,SBIR,"$149,992.00 ",25,http://www.etegent.com,Cincinnati,OH,45212
Applied Sciences,CNF-Enhanced SiC Matrix for Launch Vehicle Carbon/Carbon Composites,Department of Defense,Air Force,Phase I,SBIR,"$149,884.00 ",10,http://www.apsci.com,Cedarville,OH,45314
"Cornerstone Research Group, Incorporated",Biodynamic Acceleration Sensor System,Department of Defense,Air Force,Phase I,SBIR,"$149,988.00 ",67,http://www.CRGrp.com,Miamisburg,OH,45342
MATERIALS ENGINEERING AND TECHNICAL SUPPORT SERVICES CORP.,Quick and reliable hydrogen embrittlement testing,Department of Defense,Air Force,Phase I,SBIR,"$149,070.00 ",20,http://www.metss.com,Westerville,OH,43082
MATERIALS ENGINEERING AND TECHNICAL SUPPORT SERVICES CORP.,Chilled Brine Separation,Department of Defense,Air Force,Phase I,SBIR,"$149,174.00 ",20,http://www.metss.com,Westerville,OH,43082
"Skyward, Ltd.",Wave Isolation,Department of Defense,Air Force,Phase I,SBIR,"$150,000.00 ",15,http://www.skywardltd.com,Dayton,OH,45431
GoHypersonic Inc.,Computational Geometry Kernel for Physics Solvers,Department of Defense,Air Force,Phase I,SBIR,"$149,997.00 ",17,http://www.gohypersonic.com,Dayton,OH,45402
"MAWID, MOHAMMED",Novel Concepts for Combustion Instability Reduction,Department of Defense,Air Force,Phase I,SBIR,"$149,912.00 ",3,http://www.engineeringrac.com,DAYTON,OH,45458
"FRONTIER TECHNOLOGY, INC",Predictive Missile Sustainment and Reliability Capability,Department of Defense,Air Force,Phase I,SBIR,"$149,999.00 ",258,http://www.fti-net.com,Beavercreek,OH,45431
Vector ElectroMagnetics LLC ,Structural Nuclear Effect Mitigation of Composite Aeroshells for Munitions for Air Platforms and Cruise Missile Systems,Department of Defense,Air Force,Phase I,SBIR,"$149,695.00 ",9,,Beavercreek,OH,45430
Lyst Therapeutics LLC,Targeted LystaMab Therapy to Optimize Tissue Engineered Vascular Graft Performance,Department of Health and Human Services,,Phase I,STTR,"$222,703.00 ",,,Columbus,OH,43212-1180
"5ME, LLC",Advanced Machining of Aerospace Materials,Department of Defense,Air Force,Phase I,SBIR,"$149,994.00 ",36,http://www.5ME.com,Cincinnati,OH,45245
MRL MATERIALS RESOURCES LLC,Microstructure-Informed Rapid Qualification of Turbine Engine Blades,Department of Defense,Air Force,Phase I,SBIR,"$149,986.00 ",13,http://www.icmrl.net,Dayton,OH,45402
"Applied Optimization, Inc",SINGULAR OPTICS COMMUNICATIONS METHOD FOR DISADVANTAGED USERS,Department of Defense,Air Force,Phase I,SBIR,"$150,000.00 ",36,http://www.appliedO.com,Fairborn,OH,45324
Pretalen LTD,Innovative Position Navigation and Timing,Department of Defense,Air Force,Phase I,SBIR,"$49,998.00 ",62,http://www.Pretalen.com,Beavercreek,OH,45432
Novaa Ltd,Commercial Solutions for Resilient PNT in Degraded Environments,Department of Defense,Air Force,Phase I,SBIR,"$49,996.00 ",4,http://novaarf.com,Dublin,OH,43016
"Spectral Energies, LLC","Short-Pulse, High-Speed Laser Platform for Temperature Measurements and Chemical Species Imaging at 100 kHz for Combustor/Augmentor Stability",Department of Defense,Air Force,Phase II,SBIR,"$1,499,559.00 ",34,http://www.spectralenergies.com,Beavercreek,OH,45430
"Perduco Group, Inc., The","Logistics Data Management, Error Handling, Corrective Action Framework",Department of Defense,Air Force,Phase II,SBIR,"$1,499,866.00 ",110,http://theperducogroup.com,Beavercreek,OH,45431
"Etegent Technologies, Ltd.",Automated Exhaust Coating Defect Mapping System,Department of Defense,Air Force,Phase II,SBIR,"$749,493.00 ",25,,Cincinnati,OH,45212
"Perduco Group, Inc., The","Modeling and Simulation for Design, Development, Testing and Evaluation of Autonomous Multi-Agent Models",Department of Defense,Air Force,Phase II,SBIR,"$1,499,866.00 ",93,http://theperducogroup.com,Beavercreek,OH,45431
"Cornerstone Research Group, Incorporated",Modular Micro-Climate Sensor Pod System,Department of Defense,Air Force,Phase II,SBIR,"$749,970.00 ",67,http://www.CRGrp.com,Dayton,OH,45440
"Eccrine Systems, Inc.",Cognition Biomarker Measurement in Sweat as an Index of Human Performance,Department of Defense,Air Force,Phase II,SBIR,"$749,976.00 ",24,,Cincinnati,OH,45212
"Etegent Technologies, Ltd.",Data Management Tools for Data Coordination and Enhanced Decision Making,Department of Defense,Air Force,Phase II,SBIR,"$749,949.00 ",25,http://www.etegent.com,Cincinnati,OH,45212
Pretalen LTD,Wideband GPS Digital Payload Architecture,Department of Defense,Air Force,Phase II,SBIR,"$730,897.00 ",62,http://www.Pretalen.com,Beavercreek,OH,45432
Matrix Research Inc,Small Munitions Advanced Seeker Handoff (SMASH),Department of Defense,Air Force,Phase II,SBIR,"$749,936.00 ",67,http://www.matrixresearch.com,Dayton,OH,45432
"Etegent Technologies, Ltd.",Improving Trust in Autonomy Through Modeling Performance,Department of Defense,Air Force,Phase II,SBIR,"$749,935.00 ",25,http://www.etegent.com,Cincinnati,OH,45212
MATERIALS ENGINEERING AND TECHNICAL SUPPORT SERVICES CORP.,Improved Non-Damaging Method of Removing Powder Coating System,Department of Defense,Air Force,Phase II,SBIR,"$741,988.00 ",20,http://www.metss.com,Westerville,OH,43082
RENAISSANCE SERVICES,Improved Casting Quality through Novel Engineered Ceramic Molten Metal Filters Improved Casting Quality through Additively Manufactured Ceramic Molten Metal Filters,Department of Defense,Air Force,Phase II,SBIR,"$723,307.00 ",22,http://www.ren-services.com,Fairborn,OH,45324
Vector ElectroMagnetics LLC ,Additive Manufacturing Process for High Resolution Conductive Traces,Department of Defense,Air Force,Phase II,SBIR,"$747,470.00 ",9,,Beavercreek,OH,45430
"Spectral Energies, LLC",Rapid High Throughput Laser Assisted Die Extraction and Reassembly of Integrated Circuits,Department of Defense,Air Force,Phase II,SBIR,"$749,610.00 ",34,http://www.spectralenergies.com,Beavercreek,OH,45430
"Cornerstone Research Group, Incorporated",Ultra-Endurance UAV Using Hybrid Concepts,Department of Defense,Air Force,Phase II,SBIR,"$1,492,902.00 ",67,http://www.CRGrp.com,Miamisburg,OH,45342
"Innovative Scientific Solutions, Inc.",HIGH EFFICIENCY ULTRA-ENDURANCE ISR UAS POWER GENERATION SYSTEM,Department of Defense,Air Force,Phase II,SBIR,"$1,499,158.00 ",100,http://www.innssi.com,Dayton,OH,45459
"Nanotek Instruments, Inc.",Graphene-Enabled Long-Cycle-Life Lithium-Sulfur Batteries without Excess Lithium and Electrolyte,Department of Defense,Army,Phase I,SBIR,"$99,997.73 ",38,http://www.nanotekinstruments.com,Dayton,OH,45404
"Cornerstone Research Group, Incorporated",Advanced Lithium Sulfur Battery,Department of Defense,Army,Phase I,SBIR,"$104,993.12 ",72,http://www.CRGrp.com,Dayton,OH,45440
"Powdermet, Inc.",Non-toxic Hydrophobic Coatings for Improved Infrared and Red Phosphorus Obscurant Performance,Department of Defense,Army,Phase I,SBIR,"$104,741.43 ",26,http://www.powdermetinc.com,Euclid,OH,44117
"Cornerstone Research Group, Incorporated",Unmanned CASEVAC Movement and Maneuver Controls,Department of Defense,Army,Phase I,SBIR,"$104,992.03 ",72,http://www.CRGrp.com,Dayton,OH,45440
"D'Angelo Technologies, LLC",Measurement of Force in Personnel Parachute Risers,Department of Defense,Army,Phase I,SBIR,"$100,000.00 ",12,,Beavercreek,OH,45434
"GUILD ASSOCIATES, INC.",Biomolecule concentration and preservation by hydrogel driven forward osmosis for improved serological detection,Department of Defense,Army,Phase I,SBIR,"$99,996.41 ",75,http://www.guildbiosciences.com,Dublin,OH,43017
Novaa Ltd,Same Frequency Simultaneous Transmit and Receive Radio,Department of Defense,Army,Phase I,SBIR,"$99,998.74 ",2,http://novaarf.com,Dublin,OH,43016
"METAMATERIA TECHNOLOGIES, LLC",Round Multifilamentary High Tc Bi2Sr2CaCu2Ox/Ag Superconducting Wires for High Field Magnets,Department of Energy,,Phase I,SBIR,"$150,000.00 ",12,,Columbus,OH,43228-1034
Terves Inc.,Improved method for High Strength Magnesium Alloys in the as-cast Condition,Department of Defense,Army,Phase I,SBIR,"$104,822.64 ",24,http://www.tervesinc.com,Euclid,OH,44117
UNIVERSAL TECHNOLOGY CORPORATION,Dynamic Collaborative Visualization Ecosystem (DynaCoVE),Department of Defense,Army,Phase I,SBIR,"$99,944.87 ",215,http://www.utcdayton.com/,Dayton,OH,45432
N8 MEDICAL INC,A 3D Printed Resorbable Antimicrobial Envelope to Prevent Infection of Implanted Cardiac Devices,Department of Health and Human Services,,Phase I,STTR,"$200,000.00 ",,,Columbus,OH,43212-1489
"DEFENSE RESEARCH ASSOCIATES, INC.",High Accuracy Laser Beam Rider Detection,Department of Defense,Army,Phase I,SBIR,"$99,997.79 ",35,http://www.dra-engineering.com,Beavercreek,OH,45431
"FRONTIER TECHNOLOGY, INC",Value of Information Tool to Support Military Data Acquisition,Department of Defense,Army,Phase I,SBIR,"$99,998.81 ",258,http://www.fti-net.com,Beavercreek,OH,45431
Haima Therapeutics LLC,Logistical and Functional Evaluation of SynthoPlateTM (Intravenous Synthetic Platelet) Technology for Pre-Hospital Hemorrhage Control,Department of Defense,Army,Phase I,SBIR,"$99,967.18 ",1,http://www.haimatherapeutics.com,Cleveland,OH,44106
Vector ElectroMagnetics LLC ,Ultra-Wideband Ultra-Low Loss Radome for Very Large Antenna Applications,Department of Defense,Army,Phase I,SBIR,"$99,684.09 ",9,,Beavercreek,OH,45430
"Faraday Technology, Inc. ",Novel Electrochemical Sensor for the Determination of JP-8 Fuel Additives,Department of Defense,Army,Phase I,SBIR,"$104,996.54 ",200,http://www.faradaytechnology.com,Englewood,OH,45315
Nu Waves Ltd.,ADvanced Rf environment simulator for mOde 5 and IdenTification friend or foe (ADROIT),Department of Defense,Army,Phase II,SBIR,"$661,041.80 ",52,http://www.nuwaves.com,Middletown,OH,45044
"Faraday Technology, Inc. ",Multiphysics Based Tool Design for Electrochemical Machining,Department of Defense,Army,Phase II,SBIR,"$496,255.40 ",175,http://www.faradaytechnology.com,Englewood,OH,45315
"FRONTIER TECHNOLOGY, INC",Lifecycle Test Optimization,Department of Defense,Army,Phase II,SBIR,"$500,005.38 ",125,http://www.fti-net.com,Beavercreek,OH,45431
DEFENSE ENGINEERING CORPORATION,Airborne Based Sense and Avoid (ABSAA) Sensor for Tracking Non-cooperative Aircraft for RQ-7 Shadow and Larger UAS,Department of Defense,Army,Phase II,SBIR,"$497,437.94 ",26,http://www.defengcorp.com,Beavercreek,OH,45440
"Cornerstone Research Group, Incorporated",MG Elastomer for Advanced Solid Rocket Motor Insulation,Department of Defense,Army,Phase II,SBIR,"$639,509.70 ",68,http://www.CRGrp.com,Dayton,OH,45440
"THINK-A-MOVE, LTD.",Battlefield Medical Situational Awareness Goggles (Human Computer Interface),Department of Defense,Army,Phase II,SBIR,"$698,287.40 ",16,http://www.tamrd.com,Beachwood,OH,44122
Nu Waves Ltd.,Innovative Towed Array Cable Modem (INTERCOM),Department of Defense,Navy,Phase I,SBIR,"$124,999.00 ",59,http://www.nuwaves.com,Middletown,OH,45044
MATERIALS ENGINEERING AND TECHNICAL SUPPORT SERVICES CORP.,"Low-Density, Low-Volume Explosion Suppression Material for Aircraft Fuel Tanks",Department of Defense,Navy,Phase I,SBIR,"$129,805.00 ",20,http://www.metss.com,Westerville,OH,43082
"Cornerstone Research Group, Incorporated",Correlated Additive Feedback for Optimized Cellular Structures,Department of Defense,Navy,Phase I,SBIR,"$129,883.00 ",71,http://www.CRGrp.com,Miamisburg,OH,45342
BGI LLC,Analysis and Reporting Capability for Smart Aircraft Data,Department of Defense,Navy,Phase II,SBIR,"$599,982.00 ",230,http://www.bgi-llc.com,Akron,OH,44311
"UES, Inc.","High Temperature, High Performance Wire Insulation (17-RD-964)",Department of Defense,Navy,Phase II,SBIR,"$750,004.00 ",200,http://www.ues.com,Dayton,OH,45432
MRL MATERIALS RESOURCES LLC,Design Tool for Topological Optimization of Air-Platform Structural Components made by Additive Manufacturing,Department of Defense,Navy,Phase II,SBIR,"$749,678.00 ",10,http://www.icmrl.net,Dayton,OH,45402
Vector ElectroMagnetics LLC ,Materials Development for Affordable Maritime Compatible Radio Frequency Materials,Department of Defense,Navy,Phase II,SBIR,"$599,934.00 ",9,,Beavercreek,OH,45430
MV Innovative Technologies LLC (DBA: Opt,Scalable Adaptive Laser Array for Additive Manufacturing (SALAAM),Department of Defense,Navy,Phase II,SBIR,"$1,003,901.00 ",16,http://www.optonicus.com,Dayton,OH,45402
"Applied Optimization, Inc","Understanding Additive Manufacturing Solidification Profile Effects on Material Inhomogenieties, Defects, and Qualification",Department of Defense,Navy,Phase II,SBIR,"$1,000,000.00 ",33,http://www.appliedO.com,Fairborn,OH,45324
Haima Therapeutics LLC,SBIR Phase I: Manufacturing and Characterization of a Synthetic Platelet (SynthoPlateTM) Technology,National Science Foundation,,Phase I,SBIR,"$224,998.00 ",1,,Cleveland,OH,44106
"Nanofiber Solutions, Inc.",Off-the-Shelf Patch for Repairing Tracheal Stenosis,Department of Health and Human Services,,Phase I,SBIR,"$225,000.00 ",,,Columbus,OH,43212-1180
NANOMATERIAL INNOVATION LTD,Molecular Beacons in Lipoplex Nanoparticles for Extracellular Vesicles Based Cancer Diagnosis,Department of Health and Human Services,,Phase I,SBIR,"$238,625.00 ",,,Columbus,OH,43220-4949
"PH MATTER, LLC",High Performance Gas Diffusion Layer,Department of Energy,,Phase I,SBIR,"$155,000.00 ",9,,Columbus,OH,43229-1120
OncoSolutions LLC,SBIR Phase I: 3D Tumor Model Microtechnology for High Throughput Drug Screening,National Science Foundation,,Phase I,SBIR,"$225,000.00 ",1,,Akron,OH,44311
Polylux ,SBIR Phase I: AuraPeel- On-Demand Light Switchable Adhesives,National Science Foundation,,Phase I,SBIR,"$225,000.00 ",1,,Akron,OH,44311
Appia LLC,SBIR Phase I: Development of a Novel Rubber Recycling Process Not Involving Devulcanization,National Science Foundation,,Phase I,SBIR,"$225,000.00 ",2,,Akron,OH,44313
"Euclid Beamlabs, LLC ",A SRF Photogun for MeV Ultrafast Electron Microscopy,Department of Energy,,Phase I,SBIR,"$149,938.00 ",11,,Solon,OH,44139-1866
"EUCLID TECHLABS, LLC",Phase Correction Plates for X-Rays,Department of Energy,,Phase I,SBIR,"$149,664.00 ",17,,Solon,OH,44139-1866
"EUCLID TECHLABS, LLC",Inexpensive Electron Beam Optics for Ultrafast Electron Microscopy,Department of Energy,,Phase I,SBIR,"$149,984.00 ",17,,Solon,OH,44139-1866
"NexTech Materials, Ltd. dba Nexceris, LLC",Functionally Gradient Seals for Solid Oxide Fuel Cells,Department of Energy,,Phase I,SBIR,"$155,000.00 ",40,,Lewis Center,OH,43035-9423
"Ohio Lumex Co., Inc.",Real-time Monitoring and Speciation of Selenium in Pulverized Coal Power Plant Wastewaters,Department of Energy,,Phase I,SBIR,"$149,486.00 ",43,,Solon,OH,44139-3938
"PH MATTER, LLC",Multi-Functional Catalyst Support,Department of Energy,,Phase II,SBIR,"$1,000,000.00 ",9,,Columbus,OH,43229-1120
"PH MATTER, LLC",Engineered Silicon for Improved Performance EV Batteries,Department of Energy,,Phase II,SBIR,"$1,010,000.00 ",9,,Columbus,OH,43229-1120
"PRIXARC, LLC",Seamless Cross-Technology Communication Platform for Internet of Things Applications,Department of Energy,,Phase I,SBIR,"$225,000.00 ",7,,Dayton,OH,45469-0232
PLCC2 LLC ,Photonic-Storage Subsystem Input/Output (P-SSIO) Interface,Department of Energy,,Phase I,SBIR,"$224,148.00 ",10,,Columbus,OH,43204-1461
"UES, Inc.",Joining of Ceramic Composites for Nuclear Applications (18-RD-986),Department of Energy,,Phase II,SBIR,"$1,000,000.00 ",245,,Dayton,OH,45432-1894
"EUCLID TECHLABS, LLC",GHz Electron Buncher Compatible with Commercial TEMs for Stroboscopic Imaging with Space-Time Resolution between 10-23 and 10-20 m·s,Department of Energy,,Phase II,SBIR,"$999,830.00 ",17,,Solon,OH,44139-1866
"EUCLID TECHLABS, LLC",Single Crystal Diamond Compound Refractive Lenses,Department of Energy,,Phase II,SBIR,"$799,510.00 ",17,,Solon,OH,44139-1866
PLCC2 LLC ,A collaboration to develop a commercialization path or a Photonic Memory Controller Module (P-MCM),Department of Energy,,Phase II,SBIR,"$1,328,140.00 ",7,,Columbus,OH,43204-1461
Scientific Forming Technologies Corporation,Efficient 3-D Finite Element Process Modeling to Enable Linear Friction Welding of Aerospace Components,Department of Defense,Air Force,Phase I,SBIR,"$149,971.00 ",59,http://www.deform.com,Columbus,OH,43235
"EUCLID TECHLABS, LLC",Low RF loss DC conductive Ceramic for High Power Input Coupler Windows for SRF Cavities,Department of Energy,,Phase II,SBIR,"$999,932.00 ",17,,Solon,OH,44139-1866
SenseICs Ltd.,"Scalable, Power Efficient, Programmable, Wide Dynamic Range, Multi-Field- Programmable-Array Compatible Readout Integrated Circuit for Infrared Range Applications",Department of Defense,Army,Phase I,SBIR,"$99,406.39 ",2,,Columbus,OH,43228
"Faraday Technology, Inc. ",Novel Coating Technologies for Neutrino Focusing Horns,Department of Energy,,Phase II,SBIR,"$1,010,000.00 ",200,,Englewood,OH,45315-8983
"SK Infrared, LLC",Field Programmable Short Wave Infrared Photodetectors,National Aeronautics and Space Administration,,Phase I,SBIR,"$124,999.00 ",5,http://www.http://skinfrared.com,Columbus,OH,43212-1180
"EUCLID TECHLABS, LLC",INEXPENSIVE BRAZELESS MEDICAL ACCELERATOR,Department of Energy,,Phase II,SBIR,"$999,764.00 ",17,,Solon,OH,44139-1866
"SK Infrared, LLC","Large Fill Factor, High Aspect Ratio Dual Band Superlattice Detectors and Focal Plane Arrays",Department of Defense,Army,Phase I,SBIR,"$100,000.00 ",7,http://www.skinfrared.com,Columbus,OH,43212
Melink Corporation,Geothermal Heat Pump &amp; Phase Change Material Super-Hybrid Systems,Department of Energy,,Phase II,SBIR,"$1,000,000.00 ",100,,Milford,OH,45150-9108
UES SERVICES INC,Low Cost HEA Anode for Distributed Reforming and Prevention of Carbon Deposition in SOFC(18-RD-987),Department of Energy,,Phase II,STTR,"$1,000,000.00 ",1,,Dayton,OH,45432-1894
Bio-Missions LLC ,An integrated Process for Butanol Production from Cellulosic Biomass and CO2 Using Engineered Clostridia in a Linear Immobilized Bioreactor,Department of Energy,,Phase I,SBIR,"$150,000.00 ",3,,Reynoldsburg,OH,43068-9708
"Powdermet, Inc.",Nanoengineered Soft Magnetic Materials,Department of Energy,,Phase I,SBIR,"$149,998.66 ",25,,Euclid,OH,44117-1252
"EUCLID TECHLABS, LLC",An Ultra-High Gradient Travelling Wave Gun,Department of Energy,,Phase I,SBIR,"$149,891.00 ",17,,Solon,OH,44139-1866
"Faraday Technology, Inc. ",Electro-dewatering of Cellulosic Nanomaterials,Department of Energy,,Phase I,SBIR,"$150,000.00 ",200,,Englewood,OH,45315-8983
"Faraday Technology, Inc. ",Scaling Bioelectrochemical Biomass Conversion Technologies,Department of Energy,,Phase I,SBIR,"$150,000.00 ",200,,Englewood,OH,45315-8983
Srico Inc ,Narrowband Perfect Absorber for Infrared Sensing,Department of Defense,Army,Phase II,SBIR,"$500,100.00 ",12,http://www.srico.com,COLUMBUS,OH,43235
Srico Inc ,Frequency-Equalized Electro-Optic (EO) Phase Modulators for High-Precision Interferometric Inertial Sensors,Department of Defense,Navy,Phase I,SBIR,"$124,909.00 ",12,http://www.srico.com,COLUMBUS,OH,43235
"RNET TECHNOLOGIES, INC.",An Extensible Verification and Validation Library with NEAMS Workbench Integration,Department of Energy,,Phase I,SBIR,"$150,000.00 ",6,,Dayton,OH,45459-4248
Srico Inc ,Integrated ultra-high performance electro-optic modulators,Department of Defense,Air Force,Phase I,STTR,"$149,987.00 ",12,,COLUMBUS,OH,43235
TECH4IMAGING LLC,SBIR Phase I: Magnetic Pressure Sensor Technology for Detection of Corrosion and NDT Applications,National Science Foundation,,Phase I,SBIR,"$225,000.00 ",20,,Columbus,OH,43220
TECH4IMAGING LLC,2-Phase Flow Sensor for Pulverized Coal Mass Flow Rate and Distribution for Increased Reliability of a Coil Boiler During Steady and Transient Operations,Department of Energy,,Phase I,SBIR,"$230,000.00 ",21,,Columbus,OH,43220-2404
"ACME EXPRESS, INC.",Racking System for Commercial Solar Arrays,Department of Energy,,Phase I,SBIR,"$155,000.00 ",7,,Cleveland,OH,44115-2758
TECH4IMAGING LLC,Non-Invasive Operations Tool for Dispatchable Geothermal Wells,Department of Energy,,Phase I,SBIR,"$155,000.00 ",21,,Columbus,OH,43220-4524
X-ScaleSolutions,Unified and Federated Storage Middleware for Unstructured Big Data Analytics and Management,Department of Energy,,Phase I,SBIR,"$150,000.00 ",5,,Columbus,OH,43230-2994
BIENA TECH LLC,Nanoparticle Catalytic Discovery using Machine Learning Models with Chemisorption Inputs,Department of Energy,,Phase I,STTR,"$150,000.00 ",2,,Akron,OH,44311-4403
"Spectral Energies, LLC",Development of Burst-mode Laser based High-speed Microwave and Thomson Scattering Instruments for Fusion Plasma Devices,Department of Energy,,Phase I,STTR,"$149,844.45 ",34,,Beavercreek,OH,45430-1062
"OCTET SCIENTIFIC, INC.",STTR Phase I: Organic Additives to Improve Performance in Zinc-Air Batteries,National Science Foundation,,Phase I,STTR,"$225,000.00 ",1,,Pepper Pike,OH,44124
"Gird Systems, Inc.",USMC Ground Radio LPI/LPD Interference Mitigation Active Communication Antenna,Department of Defense,Navy,Phase I,SBIR,"$124,714.00 ",16,http://www.girdsystems.com,Cincinnati,OH,45246
THE DESIGN KNOWLEDGE COMPANY,OPENER: Occupancy Profiles for Energy Reduction,Department of Defense,Air Force,Phase I,SBIR,"$150,000.00 ",80,http://www.tdkc.com,Fairborn,OH,45324
THE DESIGN KNOWLEDGE COMPANY,"Air, Space, Cyber &amp; UDOP/COP (ASC&amp;UC) Common Operating Picture for Event Response Situation Awareness (COPERS)",Department of Defense,Air Force,Phase II,SBIR,"$1,500,000.00 ",80,http://www.tdkc.com,Fairborn,OH,45324
THE DESIGN KNOWLEDGE COMPANY,AAIMS: Adaptable Interfaces for M&amp;S Tools,Department of Defense,Air Force,Phase I,SBIR,"$99,996.00 ",80,http://www.tdkc.com,Fairborn,OH,45324
THE DESIGN KNOWLEDGE COMPANY,INCITE/InT:Innovative Cyber/Infrastructure Threat Assessment Environment Insider Threat,Department of Defense,Air Force,Phase II,SBIR,"$1,500,000.00 ",80,http://www.tdkc.com,Fairborn,OH,45324
"Solutions Through Innovative Technologies, Inc. ",Real-time Scene Labeling and Passive Obstacle Avoidance in Infrared Video,Department of Defense,Army,Phase I,SBIR,"$99,999.05 ",397,http://www.sti-tec.com,Fairborn,OH,45324
General Nano LLC,"A New Class of Lightweight, Multifunctional Material for Directed Energy Protection and Nuclear Effects Mitigation",Department of Defense,Air Force,Phase II,SBIR,"$749,817.00 ",7,http://www.veelotech.com,Cincinnati,OH,45212
Ahmic Aerospace LLC,Extremely Small Balance Technology,Department of Defense,Air Force,Phase I,SBIR,"$149,998.00 ",3,http://www.AhmicAerospace.com,Dayton,OH,45409
